,Moneyness,TTM,D_BS
0,0.6958119030124909,0.8,0.553272947719841
1,0.47024246877296105,0.8142857142857144,0.3112970487950518
2,0.4650991917707568,0.5523809523809524,0.2680009154632538
3,0.6811168258633358,0.13333333333333336,0.43799622017558903
4,0.20940484937545922,0.4,0.006643883077259195
5,0.5576781778104335,0.7523809523809525,0.39714215458086854
6,0.8912564290962527,0.4571428571428572,0.7463606069236378
7,0.32916972814107276,0.5285714285714286,0.09161249360038909
8,0.5606171932402645,0.48571428571428577,0.3457443187812479
9,0.3776634827332844,0.719047619047619,0.205097087444666
10,0.8060249816311535,0.5619047619047619,0.6483608740686774
11,0.7523879500367376,0.6190476190476191,0.5992549356660803
12,0.3100661278471712,0.8476190476190477,0.17754120652608532
13,0.7075679647318148,0.05238095238095239,0.44760288380413144
14,0.9426891991182953,0.047619047619047644,0.9001193719932349
15,0.3747244673034533,0.7000000000000001,0.20511276691167016
16,0.908155767817781,0.02857142857142858,0.9043490763284743
17,0.7252020573108009,0.5523809523809524,0.5703478154730032
18,0.5951506245407788,0.2666666666666667,0.3107337870649733
19,0.6377663482733285,0.6333333333333334,0.47648300506488567
20,0.6355620867009552,0.6285714285714286,0.47283049553224304
21,0.7332843497428362,0.09523809523809526,0.5301991550623576
22,0.7443056576047024,0.4571428571428572,0.5878801743837894
23,0.8626010286554004,0.6666666666666667,0.6960935392476567
24,0.6891991182953711,0.1666666666666667,0.4459022611752169
25,0.3769287288758266,0.9904761904761906,0.2849027117145276
26,0.47685525349008084,0.36190476190476195,0.1850120884555836
27,0.3967670830271859,0.8952380952380953,0.24018713941129435
28,0.659808963997061,0.09523809523809526,0.33479138630189226
29,0.7590007347538574,0.33333333333333337,0.5944264606676456
30,0.38354151359294636,0.9333333333333335,0.24059057938755588
31,0.5753122703894196,0.047619047619047644,0.086806047110594
32,0.39897134459955913,0.580952380952381,0.19846228017825218
33,0.8545187362233652,0.08571428571428572,0.7914936208257147
34,0.7472446730345335,0.780952380952381,0.6000700895025105
35,0.6847905951506246,0.7904761904761906,0.540978909406392
36,0.6193975018368847,0.580952380952381,0.45150627351361033
37,0.8346803820720059,0.02857142857142858,0.8606732343996902
38,0.4298310066127847,0.8333333333333334,0.27955712223619555
39,0.6377663482733285,0.5142857142857143,0.44980316023237304
40,0.4650991917707568,0.9857142857142859,0.35665999266871207
41,0.6142542248346804,0.7571428571428572,0.46090549594392427
42,0.2828802351212344,0.919047619047619,0.15424817226651086
43,0.6282145481263777,0.21904761904761907,0.3581410907905097
44,0.3813372520205731,0.1523809523809524,0.028423537575405257
45,0.5216752387950037,0.8285714285714286,0.3750689262732115
46,0.29831006612784716,0.45238095238095244,0.03892390906125886
47,0.9279941219691403,0.48571428571428577,0.760465776009541
48,0.29390154298310067,1.0000000000000002,0.24126320349581995
49,0.29390154298310067,0.5666666666666667,0.15894864579794818
50,0.9889786921381337,0.4476190476190477,0.8272835547998383
51,0.15650257163850112,0.9904761904761906,0.11466873526531335
52,0.0,0.5666666666666667,0.00926199390709187
53,0.6340925789860397,0.5190476190476191,0.447803497198373
54,0.7325495958853784,0.1285714285714286,0.5326755413552514
55,0.665686994856723,0.4571428571428572,0.4791879068042338
56,0.6877296105804556,0.02857142857142858,0.3367321593904934
57,0.3232916972814107,0.8952380952380953,0.1707081024223523
58,0.4834680382072006,0.9666666666666667,0.3599214589057023
59,0.668626010286554,0.5476190476190477,0.5002476224166551
60,0.43644379132990446,0.6857142857142857,0.26010264020658286
61,0.5767817781043351,0.919047619047619,0.4464092433028073
62,0.8559882439382807,0.19523809523809524,0.7263263937390627
63,0.23659074210139608,0.8476190476190477,0.11997152556563426
64,0.4650991917707568,0.33333333333333337,0.14217675844640318
65,0.47685525349008084,0.9142857142857143,0.3322393718789414
66,0.33651726671565024,0.5333333333333333,0.09811855405387221
67,0.5187362233651727,0.6904761904761905,0.35177954257656546
68,0.46583394562821456,0.42380952380952386,0.18061779324065075
69,0.6105804555473916,0.49523809523809526,0.41426786254335085
70,0.5099191770756797,0.2523809523809524,0.1850847352019078
71,0.6855253490080823,0.7666666666666667,0.538456974316256
72,0.3100661278471712,0.9333333333333335,0.173275313197571
73,0.8420279206465834,0.4476190476190477,0.7052967182879912
74,0.2556943423952976,0.9619047619047619,0.14029034338230773
75,0.6377663482733285,0.9476190476190477,0.5113710965741113
76,0.5437178545187362,0.8142857142857144,0.39304586934386976
77,0.461425422483468,0.15714285714285717,0.0783178136822798
78,0.9647318148420279,0.4571428571428572,0.8040079289922137
79,0.5767817781043351,0.08095238095238097,0.13801398182358277
80,0.4570168993387215,0.6142857142857143,0.2605111670328266
81,0.4298310066127847,0.4,0.13627842042398794
82,0.807494489346069,0.5238095238095238,0.6613627059374763
83,0.5312270389419544,0.7285714285714286,0.36940109600148974
84,0.6355620867009552,0.7142857142857143,0.4855422289709627
85,0.6825863335782513,0.22857142857142862,0.4557061738043869
86,0.3012490815576782,0.8285714285714286,0.1546951730881606
87,0.31741366642174873,0.7904761904761906,0.1566100897455043
88,0.6891991182953711,0.6,0.5314628972528704
89,0.6517266715650257,0.11904761904761907,0.3356158781803647
90,0.3438648052902278,0.8238095238095239,0.18751975533955542
91,0.5922116091109478,0.2571428571428571,0.31681297321319635
92,0.8927259368111682,0.1,0.8272729915614152
93,0.6223365172667157,0.3285714285714286,0.36012696546879314
94,0.7428361498897869,0.1904761904761905,0.5600754175616701
95,0.9279941219691403,0.05238095238095239,0.8696251230509009
96,0.3923585598824394,0.42380952380952386,0.11766105545366995
97,0.4650991917707568,0.7666666666666667,0.29129782334548854
98,0.565025716385011,0.9571428571428572,0.4343512848809628
99,0.8809698750918442,0.5238095238095238,0.7309150621162268
100,0.7905951506245408,0.30000000000000004,0.633371846572744
101,0.23291697281410728,0.8523809523809525,0.10624170616312795
102,0.6928728875826597,0.12380952380952384,0.44048083900473217
103,0.4548126377663483,0.5857142857142857,0.26309664041555386
104,0.4481998530492285,0.3857142857142858,0.1563332682659028
105,0.7545922116091109,0.13333333333333336,0.5706273038765206
106,0.39162380602498165,0.5523809523809524,0.18856419499458701
107,0.9044819985304923,0.05714285714285716,0.8365416914057137
108,0.3232916972814107,0.46190476190476193,0.057388581484408806
109,0.38354151359294636,0.41428571428571426,0.11112212796477203
110,0.3967670830271859,0.38095238095238104,0.10102085168684222
111,0.6906686260102866,0.38095238095238104,0.5036767392600019
112,0.9647318148420279,0.023809523809523822,0.9511695458067096
113,0.6047024246877296,0.2952380952380953,0.32817466972377896
114,0.3299044819985305,0.7952380952380953,0.1695850238749318
115,0.35635562086700956,0.4,0.08201467728247899
116,0.6958119030124909,0.5952380952380952,0.538566515142227
117,0.30345334313005146,0.5571428571428572,0.130780298348637
118,0.7252020573108009,0.11904761904761907,0.5153974041648941
119,0.5951506245407788,0.7000000000000001,0.4439153636864558
120,0.9559147685525349,0.4666666666666667,0.7942169788537045
121,0.6811168258633358,0.5666666666666667,0.518085222793072
122,0.6091109478324761,0.661904761904762,0.4510775440042391
123,0.3012490815576782,0.3952380952380953,0.04147602032477623
124,0.6840558412931668,0.4904761904761905,0.5132310578421065
125,0.1160911094783248,0.5333333333333333,0.0013843054315255815
126,0.3357825128581925,0.9523809523809524,0.19766329545213998
127,0.7523879500367376,0.29047619047619055,0.5770484558270057
128,0.3769287288758266,0.5571428571428572,0.1952926003006745
129,0.7891256429096253,0.6666666666666667,0.6357626943549093
130,0.8295371050698016,0.24761904761904766,0.6792476754961665
131,0.6157237325495959,0.6,0.44566161780792773
132,0.5606171932402645,0.05238095238095239,0.089339190680231
133,0.7663482733284349,0.14761904761904765,0.5890513728998977
134,0.36737692872887584,1.0000000000000002,0.30356082588951633
135,0.5341660543717854,0.5666666666666667,0.343511844496787
136,0.6436443791329904,0.30000000000000004,0.3951107267529579
137,0.7825128581925055,0.261904761904762,0.6184135741173986
138,0.6223365172667157,0.3666666666666667,0.39796143121400085
139,0.6972814107274063,0.36190476190476195,0.509454555389062
140,0.46877296105804556,0.6,0.2656052158598968
141,0.3798677443056576,0.4190476190476191,0.10297231314493543
142,0.33651726671565024,0.9809523809523811,0.21851652195055413
143,0.6789125642909625,0.7238095238095239,0.5280609284110332
144,0.1160911094783248,0.9809523809523811,0.06572711898263539
145,0.009551800146950784,0.9904761904761906,0.04460477363799396
146,0.8295371050698016,0.22857142857142862,0.6814854074617213
147,0.6722997795738428,0.1,0.3738676527766733
148,0.4761204996326231,0.9619047619047619,0.34513559312543485
149,0.24540778839088906,0.42380952380952386,0.0218434865767256
150,0.5033063923585599,0.919047619047619,0.3678584181603561
151,0.3798677443056576,0.8523809523809525,0.23049980432656272
152,0.5349008082292432,0.15714285714285717,0.1687574037197323
153,0.9662013225569434,0.5333333333333333,0.7947308671282118
154,0.5701689933872153,0.7333333333333334,0.41007205567067767
155,0.7303453343130051,0.6857142857142857,0.5804162649750796
156,0.6091109478324761,0.680952380952381,0.45415011020315016
157,0.9559147685525349,0.03333333333333334,0.9380903241800201
158,0.6671565025716385,0.5,0.48994842034222835
159,0.7692872887582659,0.5952380952380952,0.6146962956553027
160,0.1160911094783248,0.9666666666666667,0.06190942229355278
161,0.9816311535635562,0.02857142857142858,0.9622399284836984
162,0.7759000734753857,0.6571428571428571,0.6228756196455176
163,0.8692138133725202,0.047619047619047644,0.8173228659982631
164,0.908155767817781,0.46190476190476193,0.7598701401516502
165,0.6906686260102866,0.8142857142857144,0.5506499241354265
166,0.319617927994122,0.4904761904761905,0.06845248019582667
167,0.4481998530492285,0.8285714285714286,0.2959454665395593
168,0.5033063923585599,0.08095238095238097,0.03893297290304543
169,0.795738427626745,0.047619047619047644,0.7219687042582695
170,0.2601028655400441,0.9952380952380954,0.1853309833529956
171,0.5863335782512858,0.5285714285714286,0.3875312615221912
172,0.7428361498897869,0.6238095238095238,0.5905859498644286
173,0.33651726671565024,0.9666666666666667,0.21489153581262835
174,0.5495958853783982,0.9619047619047619,0.4222087052135311
175,0.38354151359294636,0.5,0.11579327512600149
176,0.7303453343130051,0.2523809523809524,0.546113780340582
177,0.8706833210874356,0.5142857142857143,0.7136890251506506
178,0.5371050698016164,0.4666666666666667,0.2748027977331064
179,0.46877296105804556,0.1666666666666667,0.07937312124268531
180,0.8067597354886112,0.5285714285714286,0.6601745331198229
181,0.7553269654665686,0.5904761904761905,0.6003421190062144
182,0.5246142542248347,0.2857142857142857,0.22502045191157413
183,0.7663482733284349,0.5571428571428572,0.61618995584834
184,0.7016899338721528,0.6523809523809524,0.5511354043929635
185,0.458486407053637,0.6190476190476191,0.25685591549762676
186,0.4577516531961793,0.2952380952380953,0.13205589861211384
187,0.7560617193240264,0.680952380952381,0.6045487187056199
188,0.5202057310800882,0.06666666666666668,0.037696933643131154
189,0.1711976487876562,0.5523809523809524,0.03267229991651407
190,0.5187362233651727,0.8904761904761905,0.3747226244073817
191,0.7523879500367376,0.7238095238095239,0.5980091046279864
192,0.5371050698016164,0.06190476190476191,0.06365261777645784
193,0.5033063923585599,0.8333333333333334,0.3576344677346829
194,0.7060984570168993,0.0,0.37138888028869693
195,0.816311535635562,0.6238095238095238,0.658836935308049
196,0.6377663482733285,0.39047619047619053,0.4296528254156896
197,0.461425422483468,0.35238095238095246,0.1550713812795011
198,0.6105804555473916,0.4666666666666667,0.3979776046767038
199,0.3438648052902278,0.39047619047619053,0.06432987717475921
200,0.5767817781043351,0.8333333333333334,0.43628140333105564
201,0.6752387950036738,0.1523809523809524,0.43979728823389663
202,0.3232916972814107,0.8142857142857144,0.1651069800676065
203,0.6958119030124909,0.3666666666666667,0.5083689225860885
204,0.6855253490080823,0.33333333333333337,0.4827434582559739
205,0.8177810433504775,0.023809523809523822,0.8238095180788835
206,0.2623071271124174,0.5190476190476191,0.0412131982915644
207,0.08302718589272595,0.9904761904761906,0.0743656598511313
208,0.8493754592211609,0.6571428571428571,0.6846440964790486
209,0.8824393828067597,0.03333333333333334,0.8643191185142489
210,0.6972814107274063,0.480952380952381,0.5264837024257741
211,0.009551800146950784,0.5571428571428572,0.0
212,0.7560617193240264,0.24761904761904766,0.5839833382780416
213,0.4665686994856723,0.923809523809524,0.3253986630704969
214,0.7692872887582659,0.3285714285714286,0.6088422964670965
215,0.6355620867009552,0.28095238095238095,0.37956369956042496
216,0.4019103600293902,0.3285714285714286,0.07547420143261319
217,0.3232916972814107,0.38095238095238104,0.04668492315182026
218,0.4966936076414401,0.30000000000000004,0.174122800902252
219,0.328434974283615,0.8,0.1684414673560319
220,0.665686994856723,0.8857142857142858,0.5340425123253721
221,0.6825863335782513,0.24761904761904766,0.4607034930507677
222,0.43864805290227776,0.5619047619047619,0.2244539498308544
223,0.9132990448199853,0.12380952380952384,0.828025721315817
224,0.6216017634092579,0.01428571428571429,0.10089071863928531
225,0.3908890521675239,0.7904761904761906,0.2241623726779675
226,1.0,0.43333333333333335,0.8363932892220707
227,0.8288023512123438,0.5904761904761905,0.6671299718852683
228,0.3394562821454813,0.880952380952381,0.17855567892221608
229,0.39897134459955913,0.861904761904762,0.2504057636058096
230,0.526818515797208,0.780952380952381,0.36560669436508525
231,0.2828802351212344,0.8333333333333334,0.1425881654634284
232,0.37178545187362233,0.8857142857142858,0.21396250617475576
233,0.5863335782512858,0.09523809523809526,0.16631376368356932
234,0.41734019103600295,0.8238095238095239,0.25960575343602676
235,0.6869948567229978,0.923809523809524,0.5577810425694786
236,0.550330639235856,0.9142857142857143,0.4131734575083865
237,0.461425422483468,0.7857142857142858,0.2893531679294571
238,0.5202057310800882,0.5,0.2885020307499439
239,0.56208670095518,0.261904761904762,0.27054697364731634
240,0.7090374724467303,0.6285714285714286,0.5570486710959683
241,0.9544452608376194,0.09047619047619049,0.9037787963775646
242,0.5378398236590742,0.3571428571428572,0.24956607319887678
243,1.0,0.0,0.9999999999999999
244,0.7825128581925055,0.28095238095238095,0.6198022993959035
245,0.3181484202792065,0.5523809523809524,0.10837107353476125
246,0.14695077149155034,0.5666666666666667,0.06052438239705649
247,0.48273328434974283,0.9523809523809524,0.3454145973261196
248,0.8912564290962527,0.023809523809523822,0.8859947738606401
249,0.7090374724467303,0.28095238095238095,0.5169278746541667
250,0.33357825128581925,0.5619047619047619,0.15195977092274765
251,0.665686994856723,0.45238095238095244,0.4777119423205573
252,0.5319617927994122,0.6190476190476191,0.34561862407830657
253,0.8824393828067597,0.4666666666666667,0.7364037808637603
254,0.8346803820720059,0.46190476190476193,0.6920615637634925
255,0.7560617193240264,0.22857142857142862,0.5831061096384803
256,0.5554739162380602,0.22380952380952382,0.23737255865775106
257,0.2601028655400441,0.5619047619047619,0.08616728346962366
258,0.4966936076414401,0.7333333333333334,0.3254528752901047
259,0.6105804555473916,0.4904761904761905,0.4162623331820321
260,0.887582659808964,0.5,0.732832971038266
261,0.6223365172667157,0.8,0.4776748643526438
262,0.9625275532696547,0.1142857142857143,0.8855771603425884
263,0.7825128581925055,0.19523809523809524,0.6265849854716626
264,0.5642909625275533,0.6333333333333334,0.3872804216049162
265,0.5459221160911094,0.861904761904762,0.4078282314542029
266,0.6238060249816312,0.7952380952380953,0.4784846647555097
267,0.6708302718589272,0.4571428571428572,0.48584544222517806
268,0.6054371785451873,0.29047619047619055,0.32615785394044844
269,0.41072740631888316,0.7523809523809525,0.2342263337830007
270,0.5767817781043351,0.5142857142857143,0.3723924749865876
271,0.556208670095518,0.9523809523809524,0.425169505429634
272,0.4908155767817781,0.20000000000000004,0.11494995265377655
273,0.4099926524614254,0.9666666666666667,0.28514324953648024
274,0.07347538574577517,1.0000000000000002,0.08875408106549065
275,0.5606171932402645,0.08571428571428572,0.09518270388484809
276,0.09772226304188103,0.5523809523809524,0.009441205536135373
277,0.316678912564291,0.4666666666666667,0.05897694739910513
278,0.3754592211609111,0.49523809523809526,0.11137032054386375
279,0.5642909625275533,0.5142857142857143,0.34504872713727786
280,0.5951506245407788,0.3857142857142858,0.3615973610758474
281,0.6039676708302719,0.9333333333333335,0.4756712841721334
282,0.6693607641440118,0.9285714285714287,0.541730077742671
283,0.5488611315209405,0.5952380952380952,0.36254969338307186
284,0.6847905951506246,0.3571428571428572,0.4909333171941093
285,0.7825128581925055,0.7142857142857143,0.6280450104333305
286,0.7450404114621602,0.719047619047619,0.5908387168001675
287,0.7075679647318148,0.48571428571428577,0.5420994494252546
288,0.9265246142542248,0.43333333333333335,0.7840852598188113
289,0.588537839823659,0.4666666666666667,0.3687782348872554
290,0.45113886847905954,0.2857142857142857,0.12596314281552098
291,0.5767817781043351,0.48571428571428577,0.3615686364228674
292,0.26304188096987513,0.5333333333333333,0.05670751266112608
293,0.6171932402645114,0.8952380952380953,0.4825319377848934
294,0.18221895664952248,0.9619047619047619,0.09165156822492662
295,0.5304922850844966,0.9333333333333335,0.39600455430085696
296,0.20940484937545922,0.8333333333333334,0.09070858592880321
297,0.6877296105804556,0.46190476190476193,0.5116392306932297
298,0.7443056576047024,0.023809523809523822,0.5489999926466455
299,0.5356355620867009,0.24761904761904766,0.22369303432834212
300,0.8141072740631888,0.06666666666666668,0.7118896893415776
301,0.4908155767817781,0.9476190476190477,0.35437807746671235
302,0.5422483468038207,0.6,0.35490419050262106
303,0.48273328434974283,0.5190476190476191,0.2204925330363051
304,0.56208670095518,0.28095238095238095,0.27448905388335554
305,0.3747244673034533,0.2666666666666667,0.052561904020983756
306,0.5437178545187362,0.46190476190476193,0.2784546163246284
307,0.5099191770756797,0.6857142857142857,0.3419154005555093
308,0.3842762674504041,0.2952380952380953,0.061185951447391175
309,0.6171932402645114,0.38095238095238104,0.39349129677833783
310,0.26304188096987513,0.9666666666666667,0.15322330746306873
311,0.7795738427626745,0.43333333333333335,0.6349777765371545
312,0.6840558412931668,0.9,0.5529540408533703
313,0.7090374724467303,0.261904761904762,0.5148849772036544
314,0.7075679647318148,0.5190476190476191,0.5461582181915499
315,0.5356355620867009,0.22857142857142862,0.2138959266531377
316,0.7112417340191036,0.6333333333333334,0.5596920442565043
317,0.5224099926524615,0.9285714285714287,0.3867668031782795
318,0.5782512858192506,0.11904761904761907,0.18230499529038208
319,0.6002939015429831,0.8523809523809525,0.46362454619884874
320,0.325495958853784,0.861904761904762,0.1803616303565066
321,0.9155033063923586,0.01428571428571429,0.932986603265358
322,0.3747244673034533,0.3857142857142858,0.08371627810992482
323,0.18956649522409996,0.9809523809523811,0.1058762788294611
324,0.30198383541513596,0.9285714285714287,0.16612871768241783
325,0.328434974283615,0.3666666666666667,0.045654058585639694
326,0.37178545187362233,0.45238095238095244,0.08677865319933126
327,0.6223365172667157,0.761904761904762,0.4693338753735595
328,0.7391623806024982,0.2571428571428571,0.5599492375678
329,0.5642909625275533,0.9476190476190477,0.4340729966476124
330,0.4151359294636297,0.261904761904762,0.07594597494165253
331,0.9625275532696547,0.5476190476190477,0.7893605147553565
332,0.6994856722997795,0.3142857142857143,0.5046399003011351
333,0.5349008082292432,0.7857142857142858,0.37242666188275714
334,0.6377663482733285,0.20000000000000004,0.36385567655821816
335,0.3299044819985305,0.9142857142857143,0.18530477873093726
336,0.8927259368111682,0.5333333333333333,0.7399340253728506
337,0.9044819985304923,0.49523809523809526,0.7444476673371855
338,0.43644379132990446,0.2523809523809524,0.09603685509098181
339,0.2703894195444526,0.8238095238095239,0.1265179641829659
340,0.4724467303453343,0.861904761904762,0.32795982185435707
341,0.4864070536370316,0.880952380952381,0.33180954992093226
342,0.8155767817781043,0.5476190476190477,0.6682779221368375
343,0.5782512858192506,0.5523809523809524,0.3824112975066659
344,0.6737692872887583,0.780952380952381,0.5278974288918815
345,0.7421013960323292,0.1142857142857143,0.5542758482123222
346,0.6296840558412932,0.5190476190476191,0.4389590711092902
347,0.5216752387950037,0.2666666666666667,0.21915212793619862
348,0.49155033063923587,0.5238095238095238,0.24801815617428538
349,0.671565025716385,0.719047619047619,0.5214241973904443
350,0.6818515797207936,0.7857142857142858,0.5372965414244739
351,0.4988978692138134,0.6476190476190476,0.3109094264740186
352,0.4481998530492285,0.3952380952380953,0.15154906355161304
353,0.8258633357825128,0.6190476190476191,0.6662610726225231
354,0.4026451138868479,0.5285714285714286,0.14431934836370156
355,0.6487876561351947,0.047619047619047644,0.253074872418919
356,0.4533431300514328,0.780952380952381,0.2840947632514841
357,0.47024246877296105,0.8952380952380953,0.3183576096275853
358,0.8126377663482733,0.6904761904761905,0.6533273947506202
359,0.35635562086700956,0.919047619047619,0.21763121637250768
360,0.5216752387950037,0.8190476190476191,0.36959515470390397
361,0.6326230712711242,0.0,0.09663201545081007
362,0.23291697281410728,0.4190476190476191,0.015742562441562295
363,0.8192505510653931,0.1,0.7489580112817779
364,0.44893460690668624,0.9285714285714287,0.3073835582880573
365,0.1631153563556209,0.8476190476190477,0.07451003172625353
366,0.4180749448934607,0.5238095238095238,0.14578943603951625
367,0.6282145481263777,0.6523809523809524,0.4699174235701769
368,0.18956649522409996,0.9666666666666667,0.10217961870326123
369,0.6238060249816312,0.480952380952381,0.4218150461344868
370,0.46216017634092577,0.22857142857142862,0.11767756296192255
371,0.7325495958853784,0.5619047619047619,0.5749041695676491
372,0.6781778104335048,0.7285714285714286,0.5281760761969954
373,0.5547391623806025,0.21904761904761907,0.2257807515516073
374,0.7075679647318148,0.08571428571428572,0.45543003238494345
375,0.8295371050698016,0.661904761904762,0.6673560173532288
376,0.37178545187362233,0.8904761904761905,0.218735771169319
377,0.2703894195444526,0.5142857142857143,0.042985778901875014
378,0.7509184423218221,0.6142857142857143,0.5965673498905008
379,0.46216017634092577,0.661904761904762,0.2842552911797693
380,0.4724467303453343,0.580952380952381,0.27780209914702153
381,0.6789125642909625,0.29047619047619055,0.4696833577447364
382,0.7421013960323292,0.5476190476190477,0.5897603698897033
383,0.7068332108743571,0.880952380952381,0.576102451887588
384,0.6193975018368847,0.12380952380952384,0.27010303581661843
385,0.5833945628214547,0.2523809523809524,0.30129735174281064
386,0.6039676708302719,0.180952380952381,0.3020654726187096
387,0.6605437178545187,0.5238095238095238,0.48534078427118393
388,0.7472446730345335,0.3476190476190476,0.5782714031128052
389,0.4019103600293902,0.3666666666666667,0.10073680198383272
390,0.7729610580455547,0.7476190476190476,0.6189930550102228
391,0.4180749448934607,0.9571428571428572,0.27692054097247004
392,0.78104335047759,0.48571428571428577,0.6275780974502528
393,0.7222630418809699,0.047619047619047644,0.48483055961675997
394,0.18956649522409996,0.5333333333333333,0.022496415054716085
395,0.24467303453343137,0.5523809523809524,0.06895708483310445
396,0.2828802351212344,0.4,0.03445034059382169
397,0.8802351212343864,0.5285714285714286,0.7292258688503527
398,0.5488611315209405,0.761904761904762,0.38501494753729765
399,0.5216752387950037,0.3952380952380953,0.26528790849491785
400,0.8060249816311535,0.1285714285714286,0.6574296786622611
401,0.5459221160911094,0.14761904761904765,0.19703924722489372
402,0.665686994856723,0.8904761904761905,0.5330104214747146
403,0.7090374724467303,0.7142857142857143,0.5610173596377758
404,0.7332843497428362,0.5285714285714286,0.5786704711183226
405,0.24467303453343137,0.9857142857142859,0.16000890854868932
406,0.39897134459955913,0.14761904761904765,0.03356403179103009
407,0.46216017634092577,0.24761904761904766,0.12744958784230534
408,0.4533431300514328,0.8523809523809525,0.3064476246794602
409,0.6113152094048494,0.7904761904761906,0.46413113552369184
410,0.6818515797207936,0.35238095238095246,0.4825261186461329
411,0.5922116091109478,0.45238095238095244,0.36524121262660575
412,0.5400440852314474,0.923809523809524,0.40514260642807093
413,0.6421748714180749,0.6666666666666667,0.4880272786862219
414,0.40925789860396766,0.5190476190476191,0.15052439678168897
415,0.6355620867009552,0.261904761904762,0.37532604559396193
416,0.6693607641440118,0.1904761904761905,0.4128204388243876
417,0.5187362233651727,0.4571428571428572,0.24705589281256077
418,0.8545187362233652,0.05238095238095239,0.7771371733197465
419,0.6502571638501102,0.48571428571428577,0.4648552374656801
420,0.5951506245407788,0.1142857142857143,0.2082121263927123
421,0.7825128581925055,0.6952380952380953,0.6267165711277171
422,0.6105804555473916,0.06190476190476191,0.19085042667442195
423,0.7972079353416606,0.5142857142857143,0.6447188777220302
424,0.78104335047759,0.05238095238095239,0.6615206278752358
425,0.3181484202792065,0.9857142857142859,0.21957854197674367
426,0.6906686260102866,0.8952380952380953,0.5588393326017133
427,0.565025716385011,0.5238095238095238,0.3484097378599637
428,0.8295371050698016,0.680952380952381,0.6669885019628526
429,0.4886113152094049,0.19523809523809524,0.1079598329964627
430,0.2556943423952976,0.5285714285714286,0.04475711364197608
431,0.6693607641440118,0.49523809523809526,0.49137482639397073
432,0.6502571638501102,0.08095238095238097,0.304199629790048
433,0.4753857457751653,0.5952380952380952,0.2737291220198559
434,0.46436443791329907,0.7904761904761906,0.3011062689836481
435,0.7024246877296105,0.22380952380952382,0.4917819800427435
436,0.5400440852314474,0.4904761904761905,0.28899044560307496
437,0.6789125642909625,0.6190476190476191,0.5221277277846754
438,0.6377663482733285,0.8238095238095239,0.4978723365870987
439,0.46436443791329907,0.3571428571428572,0.16948898958774794
440,0.29831006612784716,0.8904761904761905,0.15329801941608093
441,0.39162380602498165,0.33333333333333337,0.07169796665124695
442,0.3967670830271859,0.8142857142857144,0.23367650895354905
443,0.6818515797207936,0.5904761904761905,0.5227844482781072
444,0.778104335047759,0.7523809523809525,0.6263360932466803
445,0.4952240999265246,0.23333333333333336,0.1546202903040367
446,0.4790595150624541,0.7476190476190476,0.3122661073178758
447,0.4952240999265246,0.6666666666666667,0.31961741182156644
448,0.4819985304922851,0.22380952380952382,0.13220654771451898
449,0.458486407053637,0.29047619047619055,0.12899968976417256
450,0.6142542248346804,0.3238095238095239,0.3455608189648718
451,0.677443056576047,0.180952380952381,0.4280334389649196
452,0.4908155767817781,0.8238095238095239,0.3382795617455572
453,0.5973548861131521,0.023809523809523822,0.06821020577225442
454,0.4033798677443057,0.36190476190476195,0.10406131904629293
455,0.6326230712711242,0.43333333333333335,0.42381507259263523
456,0.4988978692138134,0.21428571428571433,0.13320178474509115
457,0.7612049963262307,0.02857142857142858,0.6081790147532598
458,0.9044819985304923,0.06190476190476191,0.8458637177592699
459,0.48126377663482733,0.21904761904761907,0.11899199738066504
460,0.8692138133725202,0.480952380952381,0.7187324024233199
461,0.6120499632623071,0.33333333333333337,0.34507097326516817
462,0.8890521675238795,0.5476190476190477,0.7345014534800626
463,0.5033063923585599,0.48571428571428577,0.2436612718847194
464,0.6083761939750183,0.35238095238095246,0.3518209119961004
465,0.26304188096987513,0.5476190476190477,0.06415302236219947
466,0.5951506245407788,0.8190476190476191,0.45087741807711884
467,0.677443056576047,0.6142857142857143,0.5207881213472186
468,0.4724467303453343,0.4285714285714286,0.18512754308468898
469,0.6333578251285819,0.880952380952381,0.49936993024809023
470,0.03967670830271863,0.9952380952380954,0.053682886895021174
471,0.7060984570168993,0.43333333333333335,0.5356433217088165
472,0.8530492285084497,0.0,0.9485426094281698
473,0.9889786921381337,0.01428571428571429,0.983654677934379
474,0.4753857457751653,0.3666666666666667,0.18187413637664393
475,0.2204261572373255,0.5666666666666667,0.08923155293460636
476,0.6958119030124909,0.761904761904762,0.5486704235249925
477,0.8662747979426891,0.6476190476190476,0.7028262436220394
478,0.8721528288023512,0.5523809523809524,0.7212121814003302
479,0.6517266715650257,0.5523809523809524,0.4786797669422304
480,0.3012490815576782,0.3857142857142858,0.03628503409063228
481,0.6436443791329904,0.7333333333333334,0.4925815991289711
482,0.8802351212343864,0.09523809523809526,0.8142345169632038
483,0.3438648052902278,0.5142857142857143,0.08843694235543081
484,0.44893460690668624,0.49523809523809526,0.18724013854068022
485,0.6296840558412932,0.9523809523809524,0.5031842135792274
486,0.6054371785451873,0.18571428571428575,0.29918677144107975
487,0.7612049963262307,0.7571428571428572,0.6112777572837266
488,0.3879500367376929,0.7857142857142858,0.2128325073351669
489,0.6928728875826597,0.14761904761904765,0.4668750248398773
490,0.18662747979426897,0.9952380952380954,0.1316343059260653
491,0.6289493019838354,0.6571428571428571,0.47223067267997104
492,0.8089639970609845,0.03333333333333334,0.7803785739737373
493,0.9456282145481263,0.11904761904761907,0.8708114482811169
494,0.6958119030124909,0.3285714285714286,0.49850293080140234
495,0.5980896399706098,0.2857142857142857,0.31738542173993806
496,0.5304922850844966,0.180952380952381,0.1718671632247596
497,0.4570168993387215,0.9333333333333335,0.3163320705765953
498,0.526818515797208,0.4190476190476191,0.2792670085727687
499,0.56208670095518,0.6952380952380953,0.403450213071117
500,0.6487876561351947,0.480952380952381,0.46315448100092643
501,0.8398236590742101,0.5571428571428572,0.6890671304922128
502,0.5576781778104335,0.31904761904761914,0.27142072255506083
503,0.775165319617928,0.21904761904761907,0.6145229456007735
504,0.56208670095518,0.19523809523809524,0.2172032430900322
505,0.8126377663482733,0.2571428571428571,0.6580444095212938
506,0.5312270389419544,0.2952380952380953,0.23283045971211438
507,0.5951506245407788,0.5476190476190477,0.4048065479003658
508,0.6260102865540044,0.3142857142857143,0.37159743352129593
509,0.6928728875826597,0.580952380952381,0.5333602096009387
510,0.6752387950036738,0.5857142857142857,0.5160218734853903
511,0.27112417340191036,0.5238095238095238,0.04202906156675141
512,0.2828802351212344,0.48571428571428577,0.05024739816001749
513,0.47024246877296105,0.38095238095238104,0.1802957298069503
514,0.8809698750918442,0.09047619047619049,0.8263098838369983
515,0.39309331373989714,0.923809523809524,0.24896883348710921
516,0.4151359294636297,0.7142857142857143,0.23922532978570718
517,0.6502571638501102,0.5142857142857143,0.47103994283612344
518,0.5187362233651727,0.8857142857142858,0.3724120302524445
519,0.7171197648787656,0.7333333333333334,0.5687013550112688
520,0.41293166789125646,0.4476190476190477,0.11928245597060402
521,0.5459221160911094,0.4285714285714286,0.3052496459383757
522,0.7626745040411462,0.6,0.6080417938467116
523,0.3776634827332844,0.2857142857142857,0.05657792583788814
524,0.5488611315209405,0.8,0.3969740720002996
525,0.5393093313739897,0.42380952380952386,0.30084396923663764
526,0.4481998530492285,0.8190476190476191,0.288811713824479
527,0.5319617927994122,0.7238095238095239,0.3682012707610642
528,0.46069066862601027,0.5666666666666667,0.25729346946760895
529,0.6994856722997795,0.7476190476190476,0.5510023595998338
530,0.5371050698016164,0.9,0.3959439201371647
531,0.6120499632623071,0.7666666666666667,0.4586015108856272
532,0.29831006612784716,0.8857142857142858,0.14812243300820413
533,0.795738427626745,0.480952380952381,0.6470193558461041
534,0.6620132255694342,0.4666666666666667,0.47684781762416956
535,0.3747244673034533,0.3952380952380953,0.09349627220726378
536,0.47685525349008084,0.480952380952381,0.21438201624457628
537,0.6340925789860397,0.08571428571428572,0.2475004704438554
538,0.4452608376193975,0.4571428571428572,0.16854194325212005
539,0.5723732549595886,0.21428571428571433,0.2464313962896583
540,0.7090374724467303,0.6952380952380953,0.5599937972855484
541,0.7891256429096253,0.23333333333333336,0.6332007488774583
542,0.6193975018368847,0.5571428571428572,0.43825810753411965
543,0.526818515797208,0.3476190476190476,0.2345667251099848
544,0.1160911094783248,0.5476190476190477,0.00647099872792626
545,0.6193975018368847,0.14761904761904765,0.3053928437576411
546,0.6620132255694342,0.03333333333333334,0.2626687824712812
547,0.7024246877296105,0.6571428571428571,0.5517815420622397
548,0.792799412196914,0.21428571428571433,0.6417223618345224
549,0.6708302718589272,0.023809523809523822,0.2666866769018368
550,0.18662747979426897,0.5619047619047619,0.052607231934686645
551,0.4886113152094049,0.28095238095238095,0.1635455510637467
552,0.03967670830271863,0.5619047619047619,0.004967414008966366
553,0.6877296105804556,0.3238095238095239,0.48571638530481526
554,0.18956649522409996,0.5476190476190477,0.028441172351375846
555,0.41734019103600295,0.5142857142857143,0.15626269434294032
556,0.5356355620867009,0.661904761904762,0.36704396723410526
557,0.44893460690668624,0.1904761904761905,0.06984142526977458
558,0.4834680382072006,0.5333333333333333,0.264326044464518
559,0.4636296840558413,0.9,0.31450299492073835
560,0.745775165319618,0.1,0.5629544516967534
561,0.24540778839088906,0.8571428571428572,0.11870719036266358
562,0.5371050698016164,0.4904761904761905,0.31747193953729413
563,0.6171932402645114,0.8142857142857144,0.474250161915795
564,0.5598824393828068,0.4476190476190477,0.2949887535568207
565,0.6076414401175606,0.5666666666666667,0.43262278740224175
566,0.3879500367376929,0.35238095238095246,0.0837045778109175
567,0.6333578251285819,0.4476190476190477,0.425752703259258
568,0.9265246142542248,0.0,0.9592356816723139
569,0.4842027920646583,0.7523809523809525,0.3134845379161295
570,0.43864805290227776,0.1285714285714286,0.041512947047310546
571,0.3357825128581925,0.5190476190476191,0.08479063823571842
572,0.6590742101396032,0.5619047619047619,0.49129149671863565
573,0.5385745775165319,0.33333333333333337,0.2413951134045578
574,0.33651726671565024,0.5476190476190477,0.10651564092337057
575,0.585598824393828,0.5619047619047619,0.40062426932840484
576,0.7692872887582659,0.1619047619047619,0.6003907112086759
577,0.5936811168258633,0.5,0.38895095293195703
578,0.46069066862601027,0.13333333333333336,0.07148537984583855
579,0.6311535635562087,0.31904761904761914,0.3777174472171199
580,0.30639235855988245,0.8523809523809525,0.16271438153857032
581,0.32916972814107276,0.9619047619047619,0.20057926066214254
582,0.78104335047759,0.08571428571428572,0.6714237803231505
583,0.7171197648787656,0.30000000000000004,0.5300374487258306
584,0.668626010286554,0.2666666666666667,0.45548167452120186
585,0.47685525349008084,0.7952380952380953,0.31644727494356256
586,0.4577516531961793,0.7285714285714286,0.2872328578710329
587,0.5356355620867009,0.680952380952381,0.3709966128847601
588,0.6693607641440118,0.6238095238095238,0.512674792570934
589,0.41072740631888316,0.31904761904761914,0.08582484652168412
590,0.5341660543717854,0.13333333333333336,0.16367893969529224
591,0.48126377663482733,0.6523809523809524,0.2965815784899614
592,0.3754592211609111,0.9285714285714287,0.23240601512578704
593,0.4070536370315944,0.5619047619047619,0.22291928364243072
594,0.7759000734753857,0.22380952380952382,0.6134217356118435
595,0.5870683321087435,0.09047619047619049,0.15661137478717896
596,0.5319617927994122,0.29047619047619055,0.23095394632392022
597,0.3100661278471712,0.5,0.060493535956383314
598,0.6605437178545187,0.09047619047619049,0.32878952244959203
599,0.6113152094048494,0.3571428571428572,0.37992275609053117
600,0.3188831741366642,0.42380952380952386,0.05871062278405525
601,0.6458486407053636,0.21428571428571433,0.38465824999986775
602,0.7523879500367376,0.18571428571428575,0.5744435392523356
603,0.39309331373989714,0.4904761904761905,0.1267958367635477
604,0.8486407053637032,0.21904761904761907,0.7118111200873489
605,0.38501102130786186,0.29047619047619055,0.05779167218177319
606,0.8706833210874356,0.08095238095238097,0.7906109049167501
607,0.5701689933872153,0.30000000000000004,0.285710552456042
608,0.33357825128581925,0.9952380952380954,0.24677548932009477
609,0.7406318883174137,0.5,0.583447467194937
610,0.4908155767817781,0.39047619047619053,0.19699795397209652
611,0.8310066127847171,0.49523809523809526,0.6798484145254834
612,0.6193975018368847,0.4285714285714286,0.4133467052818679
613,0.7692872887582659,0.761904761904762,0.6197614979626125
614,0.7612049963262307,0.3238095238095239,0.5964470652021288
615,0.2299779573842763,0.9904761904761906,0.16348386362288161
616,0.8398236590742101,0.12380952380952384,0.7358338186369565
617,0.5224099926524615,0.1904761904761905,0.16013430837754616
618,0.23659074210139608,0.41428571428571426,0.02570574080736407
619,0.35635562086700956,0.48571428571428577,0.09973417460351094
620,0.2703894195444526,0.39047619047619053,0.024075361320151145
621,0.6818515797207936,0.15714285714285717,0.4302699294126499
622,0.5958853783982365,0.9285714285714287,0.4663019060458438
623,0.8361498897869214,0.1666666666666667,0.6948067751166253
624,0.78104335047759,0.5190476190476191,0.6338644810631437
625,0.8067597354886112,0.09523809523809526,0.7250705957392921
626,0.9537105069801616,0.09523809523809526,0.8930085726686092
627,0.5187362233651727,0.45238095238095244,0.2387839108978347
628,0.3842762674504041,0.7285714285714286,0.21018067531436094
629,0.8626010286554004,0.23333333333333336,0.7244387056023514
630,0.4481998530492285,0.2666666666666667,0.12024897814106242
631,0.6260102865540044,0.7476190476190476,0.4752694687235774
632,0.5224099926524615,0.6238095238095238,0.3369942589277933
633,0.5525349008082292,0.3142857142857143,0.2698758750499988
634,0.5349008082292432,0.5904761904761905,0.3469270946414869
635,0.4570168993387215,0.5,0.19380613460006132
636,0.4033798677443057,0.480952380952381,0.1325398228920092
637,0.7156502571638501,0.6666666666666667,0.5661616534855157
638,0.4834680382072006,0.9809523809523811,0.3621345106720491
639,0.4665686994856723,0.4904761904761905,0.20726090176747328
640,0.7847171197648788,0.20000000000000004,0.6299634394653786
641,0.4724467303453343,0.14761904761904765,0.09539549525235205
642,0.5033063923585599,0.4,0.24438816044121134
643,0.7663482733284349,0.12380952380952384,0.617267858815533
644,0.7450404114621602,0.2857142857142857,0.5665395319046044
645,0.7193240264511388,0.21428571428571433,0.5211654687753359
646,0.5224099926524615,0.49523809523809526,0.2656866065477093
647,0.6238060249816312,0.9142857142857143,0.49269728661067463
648,0.6091109478324761,0.24761904761904766,0.3433675792550976
649,0.7090374724467303,0.19523809523809524,0.4963641383400265
650,0.9662013225569434,0.1,0.8994401616383522
651,0.659808963997061,0.5285714285714286,0.48599951121410606
652,0.6216017634092579,0.4476190476190477,0.4103487618120764
653,0.8038207200587802,0.6857142857142857,0.6454223123637911
654,0.7553269654665686,0.7857142857142858,0.6105022232080567
655,0.3100661278471712,0.41428571428571426,0.06435944619043149
656,0.7795738427626745,0.0,0.687528303423718
657,0.6083761939750183,0.7857142857142858,0.4566983565487772
658,0.7560617193240264,0.661904761904762,0.6037924025859686
659,0.668626010286554,0.8190476190476191,0.5284634260959399
660,0.5187362233651727,0.2571428571428571,0.1979943019489429
661,0.6017634092578986,0.5857142857142857,0.434120939256611
662,0.5988243938280676,0.5333333333333333,0.40677625129213874
663,0.47024246877296105,0.46190476190476193,0.19281449372760492
664,0.45113886847905954,0.719047619047619,0.28151914149223056
665,0.5407788390889052,0.7571428571428572,0.37704880880543024
666,0.695077149155033,0.4476190476190477,0.5218956303253566
667,0.2299779573842763,0.5571428571428572,0.07180907868820707
668,0.56208670095518,0.6285714285714286,0.38250128741916495
669,0.4099926524614254,0.5476190476190477,0.18661100019916294
670,0.5753122703894196,0.480952380952381,0.3592387796999653
671,0.7847171197648788,0.6333333333333334,0.6334001087848167
672,0.748714180749449,0.5857142857142857,0.5900238937449983
673,0.4819985304922851,0.6571428571428571,0.30298042229106975
674,0.7626745040411462,0.1666666666666667,0.5891699416604789
675,0.668626010286554,0.7000000000000001,0.520759889601841
676,0.4753857457751653,0.1619047619047619,0.08783850138540003
677,0.6906686260102866,0.46190476190476193,0.5142683225904465
678,0.7685525349008082,0.01428571428571429,0.6408099757169341
679,0.4452608376193975,0.2571428571428571,0.10538089689602284
680,0.7545922116091109,0.5666666666666667,0.5954557137632757
681,0.5958853783982365,0.1904761904761905,0.2868868454388064
682,0.6972814107274063,0.9142857142857143,0.5668699638865858
683,0.8545187362233652,0.5190476190476191,0.7082371014660048
684,0.75165319617928,0.7285714285714286,0.5976432453201073
685,0.5606171932402645,0.5190476190476191,0.3455174463601353
686,0.4886113152094049,0.7142857142857143,0.31990463114896056
687,0.5598824393828068,0.880952380952381,0.4164490961990706
688,0.34459955914768553,0.5238095238095238,0.08982244904521958
689,0.6825863335782513,0.680952380952381,0.533158731170176
690,0.5488611315209405,0.3285714285714286,0.2535323646646391
691,0.8486407053637032,0.6523809523809524,0.6866710489670711
692,0.4790595150624541,0.3142857142857143,0.16527039689144302
693,0.1131520940484938,0.9952380952380954,0.08705413740863796
694,0.7575312270389419,0.05714285714285716,0.5921969329478375
695,0.65686994856723,0.2523809523809524,0.41293092520600233
696,0.7016899338721528,0.21904761904761907,0.48823991445596177
697,0.56208670095518,0.7142857142857143,0.4037648981241266
698,0.5488611315209405,0.3666666666666667,0.264877342576296
699,0.8530492285084497,0.43333333333333335,0.7173844644328546
700,0.7112417340191036,0.20000000000000004,0.5020391261088997
701,0.38501102130786186,0.7238095238095239,0.20797186385911165
702,0.4019103600293902,0.761904761904762,0.2219176921297417
703,0.6142542248346804,0.02857142857142858,0.11503353585553852
704,0.6157237325495959,0.1666666666666667,0.311425117724017
705,0.30639235855988245,0.4190476190476191,0.04856646463279903
706,0.4452608376193975,0.8904761904761905,0.2938686607455181
707,0.6002939015429831,0.780952380952381,0.4485105203815759
708,0.8545187362233652,0.48571428571428577,0.7001525419546466
709,0.8493754592211609,0.22380952380952382,0.7076822452794798
710,0.6789125642909625,0.18571428571428575,0.4287101282007844
711,0.5121234386480529,0.5619047619047619,0.30909064964919525
712,0.550330639235856,0.36190476190476195,0.26828486070902297
713,0.44893460690668624,0.6238095238095238,0.25012338739483714
714,0.585598824393828,0.1285714285714286,0.23434818097759183
715,0.4636296840558413,0.4666666666666667,0.19105036871327552
716,0.5393093313739897,0.8571428571428572,0.4019693869733826
717,0.8288023512123438,0.15714285714285717,0.6843175762030963
718,0.5723732549595886,0.6476190476190476,0.3997500666845229
719,0.4070536370315944,0.9952380952380954,0.31296113097560185
720,0.3394562821454813,0.4476190476190477,0.060232973899088736
721,0.5459221160911094,0.12380952380952384,0.1397580760739927
722,0.8258633357825128,0.18571428571428575,0.6808795532919196
723,0.9816311535635562,0.46190476190476193,0.8148223925186192
724,0.6311535635562087,0.7523809523809525,0.4799790528849402
725,0.7590007347538574,0.7666666666666667,0.6105420137999287
726,0.4864070536370316,0.4476190476190477,0.20398948271405787
727,0.4834680382072006,0.5476190476190477,0.27008004651898737
728,0.19764878765613525,0.9571428571428572,0.09173131588739719
729,0.39162380602498165,0.7666666666666667,0.21435225245967474
730,0.4033798677443057,0.7952380952380953,0.23878449846981128
731,0.49155033063923587,0.9571428571428572,0.35511678166041444
732,0.1711976487876562,0.9857142857142859,0.10977618227854583
733,0.5319617927994122,0.18571428571428575,0.16652974534928672
734,0.8427626745040411,0.1619047619047619,0.7051169256155485
735,0.3438648052902278,0.9476190476190477,0.20459097252978922
736,0.39897134459955913,0.4285714285714286,0.11929058296151687
737,0.7237325495958854,0.5142857142857143,0.5634598038561569
738,0.6502571638501102,0.919047619047619,0.5216761656635336
739,0.5459221160911094,0.580952380952381,0.3643701426118359
740,0.6135194709772226,0.4904761904761905,0.41089939509704393
741,0.5554739162380602,0.6571428571428571,0.3875599437394174
742,0.3923585598824394,0.8571428571428572,0.24713011076987415
743,0.9155033063923586,0.4476190476190477,0.7730354106062107
744,0.07347538574577517,0.5666666666666667,0.029845732694648977
745,0.5371050698016164,0.05714285714285716,0.06701557727953264
746,0.7509184423218221,0.180952380952381,0.5706496218187636
747,0.5282880235121235,0.1523809523809524,0.1797673219760443
748,0.3872152828802351,0.5666666666666667,0.18094403496396227
749,0.3872152828802351,0.13333333333333336,0.019365286427378295
750,0.36737692872887584,0.5666666666666667,0.22503589852598013
751,0.6840558412931668,0.06190476190476191,0.38408829103735265
752,0.7575312270389419,0.49523809523809526,0.6025710384802171
753,0.748714180749449,0.1523809523809524,0.5622111720583078
754,0.4753857457751653,0.3285714285714286,0.1500246602870466
755,0.8243938280675973,0.180952380952381,0.6741152886857219
756,0.3938280675973549,0.3238095238095239,0.06779441916781132
757,0.550330639235856,0.480952380952381,0.29970680201893474
758,0.3798677443056576,0.3476190476190476,0.07308410552495864
759,0.46583394562821456,0.8571428571428572,0.3234346199554315
760,0.41734019103600295,0.39047619047619053,0.12814278023403777
761,0.5216752387950037,0.3857142857142858,0.23319614927697815
762,0.4886113152094049,0.6285714285714286,0.2924076423519713
763,0.4908155767817781,0.5142857142857143,0.22792173870312518
764,0.5495958853783982,0.5285714285714286,0.33694566563723544
765,0.8243938280675973,0.6142857142857143,0.6623833478393609
766,0.4908155767817781,0.6333333333333334,0.297713942850804
767,0.816311535635562,0.1904761904761905,0.6691921710752107
768,0.3967670830271859,0.46190476190476193,0.11320383998481745
769,0.7575312270389419,0.06190476190476191,0.5947374004933528
770,0.14695077149155034,1.0000000000000002,0.13152292186504197
771,0.6127847171197649,0.8571428571428572,0.4783569472816342
772,0.6083761939750183,0.5904761904761905,0.4368816374837111
773,0.42321822189566494,0.7333333333333334,0.2442621316927203
774,0.8310066127847171,0.4904761904761905,0.6771243535873143
775,0.35635562086700956,0.8333333333333334,0.2063212033458411
776,0.31741366642174873,0.3571428571428572,0.042078462224728864
777,0.38354151359294636,0.8476190476190477,0.2449361072165305
778,0.5686994856722998,0.6666666666666667,0.4042109849449239
779,0.6421748714180749,0.23333333333333336,0.3918017237668714
780,0.6340925789860397,0.48571428571428577,0.44602690912956294
781,0.5870683321087435,0.5238095238095238,0.38552572385652184
782,0.27112417340191036,0.9571428571428572,0.142439761103593
783,0.4298310066127847,0.48571428571428577,0.17045144010202806
784,0.5958853783982365,0.6238095238095238,0.4267281184403913
785,0.7972079353416606,0.08095238095238097,0.6689662812050146
786,0.7391623806024982,0.6904761904761905,0.5893024500221559
787,0.8310066127847171,0.06190476190476191,0.7397673148816567
788,0.3908890521675239,0.3571428571428572,0.09246712139268154
789,0.6105804555473916,0.9,0.4769077815205702
790,0.46730345334313006,0.7571428571428572,0.29333093554639866
791,0.39162380602498165,0.9857142857142859,0.2861920622503522
792,0.4055841293166789,0.7476190476190476,0.23452186507767062
793,0.7222630418809699,0.480952380952381,0.5612848583086826
794,0.665686994856723,0.6904761904761905,0.5163555153513177
795,0.4452608376193975,0.6904761904761905,0.26882175786689405
796,0.7046289493019838,0.7523809523809525,0.5572445665048574
797,0.5642909625275533,0.39047619047619053,0.3202761039454085
798,0.6193975018368847,0.861904761904762,0.4854062528465278
799,0.5437178545187362,0.38095238095238104,0.26293295047955784
800,0.9544452608376194,0.5238095238095238,0.7885321993066515
801,0.526818515797208,0.8523809523809525,0.3856309754070639
802,0.4452608376193975,0.8857142857142858,0.29029168467855865
803,0.325495958853784,0.4285714285714286,0.05974837499951661
804,0.316678912564291,0.9,0.17000743807365123
805,0.5922116091109478,0.8857142857142858,0.4553026609256764
